,traffic_source,GeneratedTraffic,UniqueUsers,ConversionRate
0,Email,32193,11934,48.178175379740935
1,Adwords,21661,8644,47.79096071280181
2,Facebook,7165,3237,47.71807397069086
3,YouTube,7004,3244,49.1290691033695
4,Organic,3544,1687,48.8431151241535
