,traffic_source,GeneratedTraffic,UniqueUsers,ConversionRate,Period
0,Email,32434,11999,48.12850712215576,2025
1,Adwords,21502,8592,47.91182215607851,2025
2,YouTube,7099,3193,47.62642625721933,2025
3,Facebook,7092,3200,48.30795262267343,2025
4,Organic,3652,1712,48.38444687842278,2025
