,Period,Revenue,AOV,UniqueUsers,ConversionRate
0,2025-01,81782.02008485794,90.36687302194248,901,44.00378527185134
1,2025-02,71518.99006342888,81.45670850048847,874,44.7006357339406
2,2025-03,84638.7501013279,84.13394642279115,1003,45.40399084069349
3,2025-04,88004.22011756897,85.94162120856345,1019,48.57118983957219
4,2025-05,97047.11007511616,85.42879408020788,1125,49.76557773744707
5,2025-06,99514.22009813786,85.49331623551362,1156,51.142595978062154
